product_content_id,product_slug,sku,size,color_id,color_name_de,color_hex,price_gross_eur_cents,stock_quantity,weight_g,customization_eligible
WF-TS-001,team-t-shirt-basic,WF-TS-001-NV-M,M,navy,Marineblau,#172B46,2490,12,220,true
WF-TS-001,team-t-shirt-basic,WF-TS-001-NV-S,S,navy,Marineblau,#172B46,2490,8,200,true
WF-TS-001,team-t-shirt-basic,WF-TS-001-NV-L,L,navy,Marineblau,#172B46,2490,15,240,true
WF-TS-001,team-t-shirt-basic,WF-TS-001-BK-M,M,black,Schwarz,#111111,2490,0,220,true
WF-TS-001,team-t-shirt-basic,WF-TS-001-BK-S,S,black,Schwarz,#111111,2490,1,200,true
WF-TS-001,team-t-shirt-basic,WF-TS-001-BK-L,L,black,Schwarz,#111111,2490,5,240,true
WF-TS-002,heavy-t-shirt,WF-TS-002-BK-M,M,black,Schwarz,#111111,2990,0,260,false
WF-TS-002,heavy-t-shirt,WF-TS-002-BK-S,S,black,Schwarz,#111111,2990,3,240,false
WF-TS-002,heavy-t-shirt,WF-TS-002-BK-L,L,black,Schwarz,#111111,2990,5,280,false
WF-TS-002,heavy-t-shirt,WF-TS-002-OL-M,M,olive,Oliv,#556B2F,2990,1,260,false
WF-TS-002,heavy-t-shirt,WF-TS-002-OL-S,S,olive,Oliv,#556B2F,2990,2,240,false
WF-TS-002,heavy-t-shirt,WF-TS-002-OL-L,L,olive,Oliv,#556B2F,2990,0,280,false
WF-PS-001,polo-shirt-classic,WF-PS-001-NV-M,M,navy,Marineblau,#172B46,3490,10,250,true
WF-PS-001,polo-shirt-classic,WF-PS-001-NV-S,S,navy,Marineblau,#172B46,3490,1,230,true
WF-PS-001,polo-shirt-classic,WF-PS-001-NV-L,L,navy,Marineblau,#172B46,3490,8,270,true
WF-PS-001,polo-shirt-classic,WF-PS-001-WH-M,M,white,Weiß,#F5F5F5,3490,15,250,true
WF-PS-001,polo-shirt-classic,WF-PS-001-WH-S,S,white,Weiß,#F5F5F5,3490,0,230,true
WF-PS-001,polo-shirt-classic,WF-PS-001-WH-L,L,white,Weiß,#F5F5F5,3490,12,270,true
WF-PS-002,polo-shirt-premium,WF-PS-002-AN-M,M,anthracite,Anthrazit,#383838,4490,5,240,false
WF-PS-002,polo-shirt-premium,WF-PS-002-AN-S,S,anthracite,Anthrazit,#383838,4490,1,220,false
WF-PS-002,polo-shirt-premium,WF-PS-002-AN-L,L,anthracite,Anthrazit,#383838,4490,7,260,false
WF-PS-002,polo-shirt-premium,WF-PS-002-BK-M,M,black,Schwarz,#111111,4490,0,240,false
WF-PS-002,polo-shirt-premium,WF-PS-002-BK-S,S,black,Schwarz,#111111,4490,2,220,false
WF-PS-002,polo-shirt-premium,WF-PS-002-BK-L,L,black,Schwarz,#111111,4490,4,260,false
WF-SW-001,sweatshirt-basic,WF-SW-001-AN-M,M,anthracite,Anthrazit,#383838,3990,20,350,true
WF-SW-001,sweatshirt-basic,WF-SW-001-AN-S,S,anthracite,Anthrazit,#383838,3990,15,330,true
WF-SW-001,sweatshirt-basic,WF-SW-001-AN-L,L,anthracite,Anthrazit,#383838,3990,18,370,true
WF-SW-001,sweatshirt-basic,WF-SW-001-NV-M,M,navy,Marineblau,#172B46,3990,1,350,true
WF-SW-001,sweatshirt-basic,WF-SW-001-NV-S,S,navy,Marineblau,#172B46,3990,0,330,true
WF-SW-001,sweatshirt-basic,WF-SW-001-NV-L,L,navy,Marineblau,#172B46,3990,5,370,true
WF-SW-002,hoodie-work,WF-SW-002-BK-M,M,black,Schwarz,#111111,4990,10,400,false
WF-SW-002,hoodie-work,WF-SW-002-BK-S,S,black,Schwarz,#111111,4990,1,380,false
WF-SW-002,hoodie-work,WF-SW-002-BK-L,L,black,Schwarz,#111111,4990,12,420,false
WF-SW-002,hoodie-work,WF-SW-002-OL-M,M,olive,Oliv,#556B2F,4990,0,400,false
WF-SW-002,hoodie-work,WF-SW-002-OL-S,S,olive,Oliv,#556B2F,4990,2,380,false
WF-SW-002,hoodie-work,WF-SW-002-OL-L,L,olive,Oliv,#556B2F,4990,6,420,false
WF-JK-001,softshell-jacke,WF-JK-001-NV-M,M,navy,Marineblau,#172B46,7990,8,450,true
WF-JK-001,softshell-jacke,WF-JK-001-NV-S,S,navy,Marineblau,#172B46,7990,1,430,true
WF-JK-001,softshell-jacke,WF-JK-001-NV-L,L,navy,Marineblau,#172B46,7990,10,470,true
WF-JK-001,softshell-jacke,WF-JK-001-BK-M,M,black,Schwarz,#111111,7990,0,450,true
WF-JK-001,softshell-jacke,WF-JK-001-BK-S,S,black,Schwarz,#111111,7990,3,430,true
WF-JK-001,softshell-jacke,WF-JK-001-BK-L,L,black,Schwarz,#111111,7990,7,470,true
WF-JK-002,arbeitsweste,WF-JK-002-AN-M,M,anthracite,Anthrazit,#383838,4990,15,300,false
WF-JK-002,arbeitsweste,WF-JK-002-AN-S,S,anthracite,Anthrazit,#383838,4990,1,280,false
WF-JK-002,arbeitsweste,WF-JK-002-AN-L,L,anthracite,Anthrazit,#383838,4990,12,320,false
WF-JK-002,arbeitsweste,WF-JK-002-OL-M,M,olive,Oliv,#556B2F,4990,0,300,false
WF-JK-002,arbeitsweste,WF-JK-002-OL-S,S,olive,Oliv,#556B2F,4990,2,280,false
WF-JK-002,arbeitsweste,WF-JK-002-OL-L,L,olive,Oliv,#556B2F,4990,5,320,false
WF-AH-001,arbeitshose-classic,WF-AH-001-NV-48,48,navy,Marineblau,#172B46,4990,10,500,true
WF-AH-001,arbeitshose-classic,WF-AH-001-NV-50,50,navy,Marineblau,#172B46,4990,1,520,true
WF-AH-001,arbeitshose-classic,WF-AH-001-NV-52,52,navy,Marineblau,#172B46,4990,8,540,true
WF-AH-001,arbeitshose-classic,WF-AH-001-BK-48,48,black,Schwarz,#111111,4990,0,500,true
WF-AH-001,arbeitshose-classic,WF-AH-001-BK-50,50,black,Schwarz,#111111,4990,3,520,true
WF-AH-001,arbeitshose-classic,WF-AH-001-BK-52,52,black,Schwarz,#111111,4990,6,540,true
WF-AH-002,arbeitshose-taschen,WF-AH-002-AN-48,48,anthracite,Anthrazit,#383838,5990,12,550,false
WF-AH-002,arbeitshose-taschen,WF-AH-002-AN-50,50,anthracite,Anthrazit,#383838,5990,1,570,false
WF-AH-002,arbeitshose-taschen,WF-AH-002-AN-52,52,anthracite,Anthrazit,#383838,5990,9,590,false
WF-AH-002,arbeitshose-taschen,WF-AH-002-OL-48,48,olive,Oliv,#556B2F,5990,0,550,false
WF-AH-002,arbeitshose-taschen,WF-AH-002-OL-50,50,olive,Oliv,#556B2F,5990,2,570,false
WF-AH-002,arbeitshose-taschen,WF-AH-002-OL-52,52,olive,Oliv,#556B2F,5990,4,590,false
WF-AH-003,arbeitshose-stretch,WF-AH-003-NV-48,48,navy,Marineblau,#172B46,5490,15,480,true
WF-AH-003,arbeitshose-stretch,WF-AH-003-NV-50,50,navy,Marineblau,#172B46,5490,1,500,true
WF-AH-003,arbeitshose-stretch,WF-AH-003-NV-52,52,navy,Marineblau,#172B46,5490,11,520,true
WF-AH-003,arbeitshose-stretch,WF-AH-003-BK-48,48,black,Schwarz,#111111,5490,0,480,true
WF-AH-003,arbeitshose-stretch,WF-AH-003-BK-50,50,black,Schwarz,#111111,5490,3,500,true
WF-AH-003,arbeitshose-stretch,WF-AH-003-BK-52,52,black,Schwarz,#111111,5490,7,520,true
WF-TS-003,langarmshirt-basic,WF-TS-003-NV-M,M,navy,Marineblau,#172B46,2790,10,240,true
WF-TS-003,langarmshirt-basic,WF-TS-003-NV-S,S,navy,Marineblau,#172B46,2790,1,220,true
WF-TS-003,langarmshirt-basic,WF-TS-003-NV-L,L,navy,Marineblau,#172B46,2790,8,260,true
WF-TS-003,langarmshirt-basic,WF-TS-003-BK-M,M,black,Schwarz,#111111,2790,0,240,true
WF-TS-003,langarmshirt-basic,WF-TS-003-BK-S,S,black,Schwarz,#111111,2790,5,220,true
WF-TS-003,langarmshirt-basic,WF-TS-003-BK-L,L,black,Schwarz,#111111,2790,12,260,true
WF-TS-004,t-shirt-brusttasche,WF-TS-004-AN-M,M,anthracite,Anthrazit,#383838,2990,15,250,true
WF-TS-004,t-shirt-brusttasche,WF-TS-004-AN-S,S,anthracite,Anthrazit,#383838,2990,1,230,true
WF-TS-004,t-shirt-brusttasche,WF-TS-004-AN-L,L,anthracite,Anthrazit,#383838,2990,10,270,true
WF-TS-004,t-shirt-brusttasche,WF-TS-004-OL-M,M,olive,Oliv,#556B2F,2990,0,250,true
WF-TS-004,t-shirt-brusttasche,WF-TS-004-OL-S,S,olive,Oliv,#556B2F,2990,4,230,true
WF-TS-004,t-shirt-brusttasche,WF-TS-004-OL-L,L,olive,Oliv,#556B2F,2990,7,270,true
WF-TS-005,t-shirt-heavy-duty,WF-TS-005-WH-M,M,white,Weiß,#F5F5F5,3290,20,280,true
WF-TS-005,t-shirt-heavy-duty,WF-TS-005-WH-S,S,white,Weiß,#F5F5F5,3290,1,260,true
WF-TS-005,t-shirt-heavy-duty,WF-TS-005-WH-L,L,white,Weiß,#F5F5F5,3290,15,300,true
WF-TS-005,t-shirt-heavy-duty,WF-TS-005-BK-M,M,black,Schwarz,#111111,3290,0,280,true
WF-TS-005,t-shirt-heavy-duty,WF-TS-005-BK-S,S,black,Schwarz,#111111,3290,6,260,true
WF-TS-005,t-shirt-heavy-duty,WF-TS-005-BK-L,L,black,Schwarz,#111111,3290,18,300,true
WF-PS-003,poloshirt-langarm,WF-PS-003-NV-M,M,navy,Marineblau,#172B46,3990,12,280,true
WF-PS-003,poloshirt-langarm,WF-PS-003-NV-S,S,navy,Marineblau,#172B46,3990,1,260,true
WF-PS-003,poloshirt-langarm,WF-PS-003-NV-L,L,navy,Marineblau,#172B46,3990,9,300,true
WF-PS-003,poloshirt-langarm,WF-PS-003-AN-M,M,anthracite,Anthrazit,#383838,3990,0,280,true
WF-PS-003,poloshirt-langarm,WF-PS-003-AN-S,S,anthracite,Anthrazit,#383838,3990,5,260,true
WF-PS-003,poloshirt-langarm,WF-PS-003-AN-L,L,anthracite,Anthrazit,#383838,3990,14,300,true
WF-PS-004,poloshirt-kontrastkragen,WF-PS-004-BK-M,M,black,Schwarz,#111111,3790,10,250,true
WF-PS-004,poloshirt-kontrastkragen,WF-PS-004-BK-S,S,black,Schwarz,#111111,3790,1,230,true
WF-PS-004,poloshirt-kontrastkragen,WF-PS-004-BK-L,L,black,Schwarz,#111111,3790,8,270,true
WF-PS-004,poloshirt-kontrastkragen,WF-PS-004-WH-M,M,white,Weiß,#F5F5F5,3790,0,250,true
WF-PS-004,poloshirt-kontrastkragen,WF-PS-004-WH-S,S,white,Weiß,#F5F5F5,3790,3,230,true
WF-PS-004,poloshirt-kontrastkragen,WF-PS-004-WH-L,L,white,Weiß,#F5F5F5,3790,11,270,true
WF-PS-005,poloshirt-atmungsaktiv,WF-PS-005-OL-M,M,olive,Oliv,#556B2F,3490,15,200,true
WF-PS-005,poloshirt-atmungsaktiv,WF-PS-005-OL-S,S,olive,Oliv,#556B2F,3490,1,180,true
WF-PS-005,poloshirt-atmungsaktiv,WF-PS-005-OL-L,L,olive,Oliv,#556B2F,3490,12,220,true
WF-PS-005,poloshirt-atmungsaktiv,WF-PS-005-NV-M,M,navy,Marineblau,#172B46,3490,0,200,true
WF-PS-005,poloshirt-atmungsaktiv,WF-PS-005-NV-S,S,navy,Marineblau,#172B46,3490,4,180,true
WF-PS-005,poloshirt-atmungsaktiv,WF-PS-005-NV-L,L,navy,Marineblau,#172B46,3490,9,220,true
WF-SW-003,sweatjacke-reissverschluss,WF-SW-003-AN-M,M,anthracite,Anthrazit,#383838,4490,18,380,true
WF-SW-003,sweatjacke-reissverschluss,WF-SW-003-AN-S,S,anthracite,Anthrazit,#383838,4490,1,360,true
WF-SW-003,sweatjacke-reissverschluss,WF-SW-003-AN-L,L,anthracite,Anthrazit,#383838,4490,14,400,true
WF-SW-003,sweatjacke-reissverschluss,WF-SW-003-NV-M,M,navy,Marineblau,#172B46,4490,0,380,true
WF-SW-003,sweatjacke-reissverschluss,WF-SW-003-NV-S,S,navy,Marineblau,#172B46,4490,6,360,true
WF-SW-003,sweatjacke-reissverschluss,WF-SW-003-NV-L,L,navy,Marineblau,#172B46,4490,11,400,true
WF-SW-004,sweatshirt-logo-platz,WF-SW-004-BK-M,M,black,Schwarz,#111111,4290,20,370,true
WF-SW-004,sweatshirt-logo-platz,WF-SW-004-BK-S,S,black,Schwarz,#111111,4290,1,350,true
WF-SW-004,sweatshirt-logo-platz,WF-SW-004-BK-L,L,black,Schwarz,#111111,4290,16,390,true
WF-SW-004,sweatshirt-logo-platz,WF-SW-004-OL-M,M,olive,Oliv,#556B2F,4290,0,370,true
WF-SW-004,sweatshirt-logo-platz,WF-SW-004-OL-S,S,olive,Oliv,#556B2F,4290,5,350,true
WF-SW-004,sweatshirt-logo-platz,WF-SW-004-OL-L,L,olive,Oliv,#556B2F,4290,10,390,true
WF-SW-005,hoodie-ohne-taschen,WF-SW-005-NV-M,M,navy,Marineblau,#172B46,4790,12,400,true
WF-SW-005,hoodie-ohne-taschen,WF-SW-005-NV-S,S,navy,Marineblau,#172B46,4790,1,380,true
WF-SW-005,hoodie-ohne-taschen,WF-SW-005-NV-L,L,navy,Marineblau,#172B46,4790,9,420,true
WF-SW-005,hoodie-ohne-taschen,WF-SW-005-AN-M,M,anthracite,Anthrazit,#383838,4790,0,400,true
WF-SW-005,hoodie-ohne-taschen,WF-SW-005-AN-S,S,anthracite,Anthrazit,#383838,4790,4,380,true
WF-SW-005,hoodie-ohne-taschen,WF-SW-005-AN-L,L,anthracite,Anthrazit,#383838,4790,13,420,true
WF-JK-003,regenjacke-leicht,WF-JK-003-NV-M,M,navy,Marineblau,#172B46,5990,15,250,true
WF-JK-003,regenjacke-leicht,WF-JK-003-NV-S,S,navy,Marineblau,#172B46,5990,1,230,true
WF-JK-003,regenjacke-leicht,WF-JK-003-NV-L,L,navy,Marineblau,#172B46,5990,10,270,true
WF-JK-003,regenjacke-leicht,WF-JK-003-BK-M,M,black,Schwarz,#111111,5990,0,250,true
WF-JK-003,regenjacke-leicht,WF-JK-003-BK-S,S,black,Schwarz,#111111,5990,7,230,true
WF-JK-003,regenjacke-leicht,WF-JK-003-BK-L,L,black,Schwarz,#111111,5990,12,270,true
WF-JK-004,fleecejacke-warm,WF-JK-004-AN-M,M,anthracite,Anthrazit,#383838,4990,18,350,true
WF-JK-004,fleecejacke-warm,WF-JK-004-AN-S,S,anthracite,Anthrazit,#383838,4990,1,330,true
WF-JK-004,fleecejacke-warm,WF-JK-004-AN-L,L,anthracite,Anthrazit,#383838,4990,14,370,true
WF-JK-004,fleecejacke-warm,WF-JK-004-OL-M,M,olive,Oliv,#556B2F,4990,0,350,true
WF-JK-004,fleecejacke-warm,WF-JK-004-OL-S,S,olive,Oliv,#556B2F,4990,5,330,true
WF-JK-004,fleecejacke-warm,WF-JK-004-OL-L,L,olive,Oliv,#556B2F,4990,11,370,true
WF-JK-005,arbeitsjacke-multi-tasche,WF-JK-005-BK-M,M,black,Schwarz,#111111,8990,10,500,true
WF-JK-005,arbeitsjacke-multi-tasche,WF-JK-005-BK-S,S,black,Schwarz,#111111,8990,1,480,true
WF-JK-005,arbeitsjacke-multi-tasche,WF-JK-005-BK-L,L,black,Schwarz,#111111,8990,8,520,true
WF-JK-005,arbeitsjacke-multi-tasche,WF-JK-005-NV-M,M,navy,Marineblau,#172B46,8990,0,500,true
WF-JK-005,arbeitsjacke-multi-tasche,WF-JK-005-NV-S,S,navy,Marineblau,#172B46,8990,6,480,true
WF-JK-005,arbeitsjacke-multi-tasche,WF-JK-005-NV-L,L,navy,Marineblau,#172B46,8990,13,520,true
WF-AH-004,arbeitshose-bundfalten,WF-AH-004-AN-48,48,anthracite,Anthrazit,#383838,5490,14,520,true
WF-AH-004,arbeitshose-bundfalten,WF-AH-004-AN-50,50,anthracite,Anthrazit,#383838,5490,1,540,true
WF-AH-004,arbeitshose-bundfalten,WF-AH-004-AN-52,52,anthracite,Anthrazit,#383838,5490,10,560,true
WF-AH-004,arbeitshose-bundfalten,WF-AH-004-BK-48,48,black,Schwarz,#111111,5490,0,520,true
WF-AH-004,arbeitshose-bundfalten,WF-AH-004-BK-50,50,black,Schwarz,#111111,5490,5,540,true
WF-AH-004,arbeitshose-bundfalten,WF-AH-004-BK-52,52,black,Schwarz,#111111,5490,12,560,true
WF-AH-005,arbeitshose-leichtgewicht,WF-AH-005-NV-48,48,navy,Marineblau,#172B46,4490,20,400,true
WF-AH-005,arbeitshose-leichtgewicht,WF-AH-005-NV-50,50,navy,Marineblau,#172B46,4490,1,420,true
WF-AH-005,arbeitshose-leichtgewicht,WF-AH-005-NV-52,52,navy,Marineblau,#172B46,4490,15,440,true
WF-AH-005,arbeitshose-leichtgewicht,WF-AH-005-OL-48,48,olive,Oliv,#556B2F,4490,0,400,true
WF-AH-005,arbeitshose-leichtgewicht,WF-AH-005-OL-50,50,olive,Oliv,#556B2F,4490,8,420,true
WF-AH-005,arbeitshose-leichtgewicht,WF-AH-005-OL-52,52,olive,Oliv,#556B2F,4490,11,440,true